"COUNTRY","COUNTRY_GRP","SEX","YEAR","VALUE"
"MLT","","ALL","2011","84"
"","EU_AFTER_MAY2004","ALL","1987","95.89713138"
"GEO","","ALL","2010","96"
"MLT","","ALL","1994","77"
"EST","","ALL","2011","99"
"","EU_AFTER_MAY2004","ALL","1991","95.50729582"
"","EU_AFTER_MAY2004","ALL","1989","94.69533376"
"HUN","","ALL","2014","99"
"UKR","","ALL","2008","95"
"ALB","","ALL","2010","99"
"CZE","","ALL","1993","98"
"HUN","","ALL","2015","99"
"CZE","","ALL","1994","95"
"HUN","","ALL","2010","99"
"GRC","","ALL","2012","35"
"SRB","","ALL","1993","68"
"MLT","","ALL","2007","78"
"MNE","","ALL","2012","95"
"GEO","","ALL","2015","96"
"CZE","","ALL","1997","97"
"UKR","","ALL","1990","91"
"","EU_AFTER_MAY2004","ALL","1994","96.30202346"
"UKR","","ALL","2006","97"
"MLT","","ALL","2006","80"
"SRB","","ALL","1992","77"
"UKR","","ALL","2004","98"
"SWE","","ALL","1986","14"
"GRC","","ALL","2013","35"
"POL","","ALL","2012","94"
"MDA","","ALL","2013","96"
"TUR","","ALL","2015","96"
"","SEEHN","ALL","1993","82.1234186"
"MDA","","ALL","1984","95"
"SRB","","ALL","2004","97"
"UZB","","ALL","2004","99"
"UKR","","ALL","2001","98"
"SWE","","ALL","2006","21"
"","EU_MEMBERS","ALL","2002","70.84074289"
"CZE","","ALL","1991","98"
"ALB","","ALL","2012","96"
"GEO","","ALL","1982","93"
"EST","","ALL","1999","99"
"FRA","","ALL","1993","79"
"NOR","","ALL","2007","93"
"UZB","","ALL","1998","97"
"SWE","","ALL","1993","13"
"ISR","","ALL","1981","70"
"CZE","","ALL","1999","98"
"POL","","ALL","2013","93"
"MLT","","ALL","1984","63"
"GEO","","ALL","2014","96"
"MDA","","ALL","2007","98"
"CZE","","ALL","1992","98"
"FRA","","ALL","1987","76"
"HRV","","ALL","2000","98"
"IRL","","ALL","2015","87"
"","SEEHN","ALL","1989","85.56638917"
"UZB","","ALL","2001","98"
"","EU_MEMBERS","ALL","1999","70.51174315"
"MDA","","ALL","2006","99"
"MDA","","ALL","2009","99"
"","EU_AFTER_MAY2004","ALL","1992","96.19157483"
"","EU_MEMBERS","ALL","2001","70.77026104"
"SRB","","ALL","2013","97"
"SWE","","ALL","1984","16"
"LUX","","ALL","1983","50"
"HRV","","ALL","2001","97"
"","EU_MEMBERS","ALL","2000","70.90738043"
"SWE","","ALL","2007","23"
"MLT","","ALL","1995","92"
"FRA","","ALL","1992","77"
"SWE","","ALL","2003","17"
"","SEEHN","ALL","1996","91.81711414"
"","EU_AFTER_MAY2004","ALL","1990","95.56263259"
"CZE","","ALL","2002","97"
"LUX","","ALL","1997","59"
"","SEEHN","ALL","1990","83.53914094"
"LUX","","ALL","2005","21"
"FRA","","ALL","1995","83"
"GEO","","ALL","2003","87"
"MLT","","ALL","2005","55"
"TUR","","ALL","1996","69"
"SWE","","ALL","1998","16"
"SRB","","ALL","1989","89"
"","SEEHN","ALL","1991","85.65980297"
"FRA","","ALL","1994","81"
"MNE","","ALL","2015","88"
"POL","","ALL","1992","95"
"TUR","","ALL","1994","72"
"MDA","","ALL","1983","95"
"UZB","","ALL","1997","97"
"GEO","","ALL","1984","94"
"MDA","","ALL","2015","97"
"PRT","","ALL","2010","96"
"SVN","","ALL","2001","98"
"TJK","","ALL","2011","97"
"MDA","","ALL","1994","94"
"NOR","","ALL","2006","91"
"GEO","","ALL","2001","97"
"","CARINFONET","ALL","2014","97.7177269"
"GEO","","ALL","1985","95"
"POL","","ALL","1998","96"
"SRB","","ALL","2011","99"
"BLR","","ALL","2007","98"
"MLT","","ALL","1983","63"
"GEO","","ALL","2011","96"
"FRA","","ALL","1990","74"
"HRV","","ALL","2004","98"
"GEO","","ALL","2007","96"
"UKR","","ALL","1998","97"
"LTU","","ALL","1987","96"
"UZB","","ALL","2005","93"
"MDA","","ALL","2012","99"
"","SEEHN","ALL","1997","92.35402479"
"POL","","ALL","2010","93"
"MDA","","ALL","1986","95"
"SRB","","ALL","2002","95"
"BLR","","ALL","2001","99"
"SRB","","ALL","1983","85"
"BLR","","ALL","2002","99"
"BGR","","ALL","2003","98"
"LVA","","ALL","2002","99"
"BGR","","ALL","2014","97"
"FRA","","ALL","1981","80"
"CZE","","ALL","2006","99"
"","SEEHN","ALL","2015","88.84822025"
"TUR","","ALL","1991","59"
"CZE","","ALL","1995","95"
"UZB","","ALL","1988","85"
"HRV","","ALL","1998","97"
"EST","","ALL","2012","97"
"HRV","","ALL","2005","98"
"SWE","","ALL","2005","20"
"BLR","","ALL","1989","92"
"MLT","","ALL","1987","79"
"GBR","","ALL","1994","8"
"SRB","","ALL","1988","89"
"MLT","","ALL","1990","77"
"MNE","","ALL","2006","98"
"FRA","","ALL","1989","77"
"SWE","","ALL","1999","16"
"POL","","ALL","1991","94"
"POL","","ALL","1989","95"
"CZE","","ALL","1996","96"
"MLT","","ALL","2009","82"
"UKR","","ALL","2003","98"
"HRV","","ALL","2002","99"
"KAZ","","ALL","2001","95"
"BLR","","ALL","1992","95"
"","SEEHN","ALL","2011","90.13303004"
"SRB","","ALL","2001","67"
"LTU","","ALL","2001","99"
"UZB","","ALL","2002","99"
"EST","","ALL","2005","99"
"TUR","","ALL","1981","42"
"FRA","","ALL","2003","84"
"UZB","","ALL","2007","99"
"POL","","ALL","1984","95"
"","EU_AFTER_MAY2004","ALL","1993","96.94059951"
"HRV","","ALL","2006","99"
"AUT","","ALL","1989","90"
"","SEEHN","ALL","2010","90.88786769"
"SVN","","ALL","1999","96"
"SVN","","ALL","1991","87"
"MDA","","ALL","1998","98"
"KGZ","","ALL","2013","98"
"MDA","","ALL","2010","98"
"","SEEHN","ALL","1992","83.35878367"
"GEO","","ALL","2002","80"
"UZB","","ALL","1991","90"
"POL","","ALL","1988","95"
"BIH","","ALL","2011","94"
"FRA","","ALL","1983","81"
"MLT","","ALL","1996","96"
"BGR","","ALL","2004","98"
"PRT","","ALL","2014","99"
"KAZ","","ALL","2009","96"
"KAZ","","ALL","2000","98"
"MKD","","ALL","2008","94"
"IRL","","ALL","2014","86"
"MNE","","ALL","2013","93"
"FRA","","ALL","1997","82"
"","SEEHN","ALL","1995","86.64391278"
"EST","","ALL","2008","98"
"TUR","","ALL","1993","68"
"POL","","ALL","1987","95"
"GEO","","ALL","1981","90"
"MDA","","ALL","1999","99"
"GBR","","ALL","1988","75"
"BIH","","ALL","2014","98"
"BLR","","ALL","2014","99"
"TUR","","ALL","1995","68"
"HUN","","ALL","2009","99"
"GEO","","ALL","1999","95"
"SWE","","ALL","1990","13"
"NOR","","ALL","2009","91"
"NOR","","ALL","1983","90"
"TUR","","ALL","1992","67"
"FRA","","ALL","2001","84"
"SWE","","ALL","1991","12"
"GBR","","ALL","1995","9"
"BGR","","ALL","2015","96"
"ARM","","ALL","2005","94"
"ARM","","ALL","2004","96"
"KGZ","","ALL","2016","97"
"UZB","","ALL","1987","98"
"MLT","","ALL","2008","86"
"","EU_MEMBERS","ALL","1998","69.57540329"
"","SEEHN","ALL","1994","87.15081045"
"FRA","","ALL","2002","85"
"FRA","","ALL","1984","96"
"IRL","","ALL","2005","93"
"TUR","","ALL","1989","16"
"MLT","","ALL","1985","65"
"ISR","","ALL","1982","68"
"UKR","","ALL","1996","97"
"PRT","","ALL","2011","97"
"GEO","","ALL","2004","91"
"MDA","","ALL","2014","97"
"","SEEHN","ALL","1987","87.45535502"
"MDA","","ALL","1993","92"
"GEO","","ALL","1983","95"
"UZB","","ALL","1992","98"
"GEO","","ALL","2008","95"
"FRA","","ALL","2008","44"
"ALB","","ALL","1994","87"
"POL","","ALL","1985","95"
"GBR","","ALL","1984","5"
"","SEEHN","ALL","2008","91.15196998"
"AUT","","ALL","1982","90"
"MLT","","ALL","1992","79"
"PRT","","ALL","1993","91"
"HRV","","ALL","2012","99"
"TUR","","ALL","1999","78"
"BLR","","ALL","2006","99"
"","EU_MEMBERS","ALL","1997","69.51607741"
"IRL","","ALL","2013","86"
"EST","","ALL","2014","95"
"FRA","","ALL","1991","78"
"HUN","","ALL","2013","99"
"SVN","","ALL","1997","97"
"SVN","","ALL","1998","98"
"LVA","","ALL","2013","94"
"MKD","","ALL","2007","95"
"UZB","","ALL","1996","96"
"UZB","","ALL","1999","98"
"POL","","ALL","1980","93"
"UZB","","ALL","1989","94"
"MKD","","ALL","2014","99"
"MNE","","ALL","2014","91"
"SWE","","ALL","2004","18"
"","WHO_EURO","ALL","1996","79.74919262"
"GRC","","ALL","1993","65"
"","WHO_EURO","ALL","1999","82.30021356"
"GEO","","ALL","2006","95"
"MDA","","ALL","2001","99"
"BLR","","ALL","2004","99"
"GRC","","ALL","2000","88"
"SRB","","ALL","2012","98"
"SRB","","ALL","2015","98"
"FIN","","ALL","2002","99"
"POL","","ALL","1981","93"
"UZB","","ALL","2003","99"
"TJK","","ALL","2016","98"
"ALB","","ALL","1984","90"
"FRA","","ALL","2007","78"
"BLR","","ALL","2012","98"
"GBR","","ALL","1991","5"
"GBR","","ALL","1989","75"
"","SEEHN","ALL","2009","91.10744917"
"LVA","","ALL","2009","96"
"GBR","","ALL","1993","7"
"ALB","","ALL","2013","99"
"HRV","","ALL","2014","98"
"LUX","","ALL","1996","59"
"MKD","","ALL","2012","95"
"EST","","ALL","2010","97"
"EST","","ALL","2015","95"
"FRA","","ALL","1988","79"
"BGR","","ALL","2007","98"
"","SEEHN","ALL","2013","89.97678926"
"LTU","","ALL","1993","98"
"ARM","","ALL","1998","95"
"LVA","","ALL","2010","92"
"HUN","","ALL","2004","99"
"","EU_AFTER_MAY2004","ALL","2006","96.90408911"
"LTU","","ALL","2011","98"
"MNE","","ALL","2007","98"
"BIH","","ALL","2003","94"
"UZB","","ALL","1995","99"
"MKD","","ALL","1994","90"
"MNE","","ALL","2010","95"
"HUN","","ALL","1994","99"
"IRL","","ALL","1985","80"
"POL","","ALL","1982","93"
"POL","","ALL","1986","95"
"IRL","","ALL","2004","91"
"HRV","","ALL","2003","98"
"SRB","","ALL","2009","98"
"SWE","","ALL","1983","10"
"TUR","","ALL","1997","73"
"UKR","","ALL","2011","90"
"LTU","","ALL","2002","99"
"GEO","","ALL","1991","91"
"GEO","","ALL","2009","95"
"","EU_MEMBERS","ALL","2003","69.74581995"
"BLR","","ALL","2015","97"
"GBR","","ALL","1997","11"
"","SEEHN","ALL","1999","90.64965091"
"","SEEHN","ALL","2006","91.33604792"
"","SEEHN","ALL","2007","91.16858768"
"AUT","","ALL","1987","90"
"BIH","","ALL","2010","99"
"BLR","","ALL","2010","99"
"BGR","","ALL","2010","98"
"MLT","","ALL","1988","67"
"FRA","","ALL","2004","85"
"MLT","","ALL","1991","87"
"SWE","","ALL","1989","13"
"TJK","","ALL","2006","94"
"SVN","","ALL","1996","98"
"KAZ","","ALL","2002","99"
"BGR","","ALL","2005","98"
"EST","","ALL","1991","98"
"TKM","","ALL","2002","99"
"TKM","","ALL","2000","99"
"MLT","","ALL","2013","92"
"KGZ","","ALL","2011","98"
"SVK","","ALL","2001","93"
"HUN","","ALL","1990","99"
"RUS","","ALL","1993","87"
"TUR","","ALL","1998","76"
"TUR","","ALL","1980","74"
"PRT","","ALL","1983","76"
"PRT","","ALL","1991","89"
"UKR","","ALL","2005","96"
"UKR","","ALL","2002","98"
"PRT","","ALL","2007","98"
"PRT","","ALL","2009","98"
"GEO","","ALL","2005","95"
"UZB","","ALL","2016","99"
"GEO","","ALL","2000","95"
"UZB","","ALL","2000","98"
"GEO","","ALL","1996","70"
"LTU","","ALL","1997","98"
"KAZ","","ALL","2014","95"
"FRA","","ALL","1998","81"
"ALB","","ALL","1987","92"
"GBR","","ALL","1983","74"
"GBR","","ALL","1996","10"
"LVA","","ALL","2001","99"
"AUT","","ALL","1984","90"
"HUN","","ALL","2011","99"
"AUT","","ALL","1983","90"
"LTU","","ALL","2013","98"
"GBR","","ALL","1992","7"
"HRV","","ALL","2010","98"
"","SEEHN","ALL","2012","89.98340256"
"GBR","","ALL","1987","96"
"LTU","","ALL","1992","94"
"MKD","","ALL","1997","97"
"ARM","","ALL","2000","97"
"TJK","","ALL","1993","69"
"","CIS","ALL","2008","95.95303581"
"LTU","","ALL","1994","96"
"MLT","","ALL","1993","77"
"MKD","","ALL","1998","90"
"LTU","","ALL","2000","99"
"","WHO_EURO","ALL","1993","76.28206437"
"","WHO_EURO","ALL","1992","77.29660863"
"GEO","","ALL","1998","94"
"BIH","","ALL","2002","91"
"","WHO_EURO","ALL","1995","78.88156324"
"BIH","","ALL","2006","97"
"UZB","","ALL","1994","93"
"","WHO_EURO","ALL","1998","81.32835489"
"GEO","","ALL","1987","95"
"","WHO_EURO","ALL","2000","83.21839822"
"BLR","","ALL","1986","92"
"SRB","","ALL","2014","98"
"SRB","","ALL","2006","99"
"SRB","","ALL","2010","99"
"FIN","","ALL","1989","91"
"BLR","","ALL","1997","98"
"SWE","","ALL","2015","24"
"","CARINFONET","ALL","2012","97.62270958"
"ALB","","ALL","1986","92"
"","CARINFONET","ALL","2013","97.79889001"
"","SEEHN","ALL","1998","90.04193569"
"FRA","","ALL","1986","84"
"","SEEHN","ALL","2004","91.26375894"
"LVA","","ALL","1990","93"
"ALB","","ALL","2007","98"
"AUT","","ALL","1986","90"
"MKD","","ALL","2001","97"
"AUT","","ALL","1988","90"
"MLT","","ALL","1989","79"
"HUN","","ALL","1988","99"
"BIH","","ALL","2009","97"
"BGR","","ALL","2006","98"
"KAZ","","ALL","2008","97"
"AZE","","ALL","1993","91"
"BIH","","ALL","1994","85"
"TJK","","ALL","1994","96"
"SVN","","ALL","2000","98"
"UKR","","ALL","2007","98"
"SVK","","ALL","1996","96"
"MDA","","ALL","1987","96"
"HUN","","ALL","2002","99"
"LTU","","ALL","2008","99"
"POL","","ALL","2015","94"
"RUS","","ALL","2011","95"
"NOR","","ALL","2008","93"
"FRA","","ALL","2006","83"
"IRL","","ALL","2007","93"
"IRL","","ALL","2006","93"
"AZE","","ALL","2013","98"
"TUR","","ALL","1988","16"
"PRT","","ALL","1997","87"
"POL","","ALL","2005","94"
"MKD","","ALL","2013","97"
"HRV","","ALL","2007","99"
"UKR","","ALL","1997","97"
"ALB","","ALL","2005","98"
"HRV","","ALL","1996","99"
"BLR","","ALL","2000","99"
"FRA","","ALL","1999","83"
"","EU_AFTER_MAY2004","ALL","1995","97.82710132"
"FRA","","ALL","2000","83"
"ALB","","ALL","1997","94"
"AUT","","ALL","1981","90"
"","SEEHN","ALL","2003","88.35993674"
"MKD","","ALL","1999","97"
"AZE","","ALL","2012","98"
"BIH","","ALL","2012","96"
"HUN","","ALL","1987","99"
"MKD","","ALL","1995","95"
"RUS","","ALL","1994","92"
"MKD","","ALL","2002","91"
"RUS","","ALL","1995","92"
"TJK","","ALL","2005","98"
"KAZ","","ALL","2011","96"
"IRL","","ALL","2008","94"
"HUN","","ALL","1998","99"
"MCO","","ALL","1999","99"
"KGZ","","ALL","1993","95"
"TJK","","ALL","2010","98"
"SVK","","ALL","2011","97"
"KGZ","","ALL","1990","98"
"LTU","","ALL","2009","99"
"FIN","","ALL","1996","99"
"POL","","ALL","2008","93"
"TUR","","ALL","1986","27"
"GRC","","ALL","1981","95"
"FRA","","ALL","2005","81"
"BLR","","ALL","2013","99"
"UKR","","ALL","2000","99"
"BIH","","ALL","2007","98"
"BLR","","ALL","1985","93"
"PRT","","ALL","1994","87"
"TUR","","ALL","1990","16"
"PRT","","ALL","1995","94"
"FIN","","ALL","1988","99"
"GEO","","ALL","1995","32"
"","EU_MEMBERS","ALL","1994","67.90258961"
"LUX","","ALL","1992","50"
"MDA","","ALL","2004","99"
"ALB","","ALL","1981","93"
"FIN","","ALL","2009","99"
"ALB","","ALL","1995","97"
"GBR","","ALL","1986","96"
"","SEEHN","ALL","2005","91.16667129"
"","SEEHN","ALL","2002","90.5847671"
"AZE","","ALL","2015","98"
"MKD","","ALL","2005","99"
"AZE","","ALL","2014","98"
"RUS","","ALL","2013","96"
"ALB","","ALL","1998","87"
"FIN","","ALL","1992","99"
"BIH","","ALL","2004","95"
"BGR","","ALL","1988","99"
"TJK","","ALL","2009","83"
"BIH","","ALL","1993","24"
"PRT","","ALL","1990","88"
"LVA","","ALL","2012","94"
"AZE","","ALL","1996","93"
"","SEEHN","ALL","2014","89.62563203"
"RUS","","ALL","2005","97"
"TUR","","ALL","2012","96"
"MLT","","ALL","2012","93"
"ARM","","ALL","1990","82"
"","WHO_EURO","ALL","1994","78.47337099"
"RUS","","ALL","2009","96"
"LTU","","ALL","2016","98"
"FIN","","ALL","1998","99"
"BIH","","ALL","2008","96"
"GRC","","ALL","1992","76"
"IRL","","ALL","2009","95"
"PRT","","ALL","1992","92"
"BLR","","ALL","1984","92"
"SRB","","ALL","2000","99"
"SRB","","ALL","1990","76"
"UKR","","ALL","1995","95"
"","CIS","ALL","2014","92.8326062"
"UKR","","ALL","1994","92"
"GEO","","ALL","1990","95"
"","CARINFONET","ALL","2010","98.02854921"
"BLR","","ALL","2003","99"
"BLR","","ALL","1998","99"
"AZE","","ALL","1998","96"
"ALB","","ALL","1992","81"
"","SEEHN","ALL","2000","91.82501453"
"ALB","","ALL","1996","94"
"LVA","","ALL","1997","99"
"MKD","","ALL","1996","98"
"AZE","","ALL","2010","98"
"HUN","","ALL","1989","99"
"HUN","","ALL","1985","99"
"","EU_BEFORE_MAY2004","ALL","1983","74.14419261"
"MCO","","ALL","2002","90"
"BGR","","ALL","1990","99"
"BGR","","ALL","1991","99"
"PRT","","ALL","2003","81"
"BGR","","ALL","1981","97"
"TJK","","ALL","2003","99"
"HUN","","ALL","2003","99"
"SVK","","ALL","1995","92"
"","EU_AFTER_MAY2004","ALL","2011","96.69572673"
"TKM","","ALL","2011","98"
"ARM","","ALL","1994","83"
"BIH","","ALL","1997","97"
"LTU","","ALL","2007","99"
"ARM","","ALL","1999","93"
"RUS","","ALL","1992","86"
"TUR","","ALL","1983","65"
"TUR","","ALL","2000","82"
"IRL","","ALL","1999","90"
"TKM","","ALL","2009","99"
"FIN","","ALL","2008","97"
"ROU","","ALL","2011","99"
"UKR","","ALL","1999","99"
"HRV","","ALL","2009","99"
"KAZ","","ALL","2006","99"
"ALB","","ALL","1989","94"
"SWE","","ALL","1982","6"
"RUS","","ALL","2012","96"
"BLR","","ALL","1987","92"
"SWE","","ALL","1996","14"
"HRV","","ALL","1999","96"
"KAZ","","ALL","2012","95"
"ALB","","ALL","2011","97"
"ALB","","ALL","2002","94"
"ALB","","ALL","1993","82"
"EST","","ALL","2013","96"
"","SEEHN","ALL","2001","87.96738704"
"LVA","","ALL","1991","89"
"FRA","","ALL","1996","82"
"ARM","","ALL","2014","99"
"HUN","","ALL","1986","99"
"HUN","","ALL","1983","99"
"IRL","","ALL","2011","85"
"MCO","","ALL","1994","90"
"BIH","","ALL","2005","95"
"TJK","","ALL","1991","88"
"BGR","","ALL","1993","99"
"PRT","","ALL","1986","71"
"TKM","","ALL","1995","93"
"TKM","","ALL","2005","99"
"","EU_MEMBERS","ALL","2012","56.78697385"
"SVK","","ALL","1997","95"
"SVK","","ALL","2003","98"
"BIH","","ALL","1999","99"
"BIH","","ALL","1995","64"
"POL","","ALL","2014","92"
"RUS","","ALL","1996","93"
"FIN","","ALL","1997","99"
"EST","","ALL","2004","99"
"FIN","","ALL","2001","99"
"ARM","","ALL","1993","84"
"RUS","","ALL","2004","96"
"UZB","","ALL","2011","99"
"UKR","","ALL","2016","75"
"UKR","","ALL","2015","39"
"LTU","","ALL","1988","94"
"FIN","","ALL","1999","99"
"GEO","","ALL","1994","30"
"GEO","","ALL","1993","30"
"","EU_MEMBERS","ALL","1996","69.46429355"
"","EU_MEMBERS","ALL","1993","68.28198375"
"","CARINFONET","ALL","2009","96.01141673"
"FRA","","ALL","1985","82"
"LVA","","ALL","1995","99"
"LVA","","ALL","1998","99"
"LVA","","ALL","1999","99"
"ALB","","ALL","1991","80"
"LVA","","ALL","2000","99"
"MKD","","ALL","2000","97"
"HUN","","ALL","1980","99"
"HUN","","ALL","1984","99"
"SWE","","ALL","1985","16"
"HUN","","ALL","1982","99"
"BIH","","ALL","1998","92"
"ARM","","ALL","2003","92"
"BIH","","ALL","1991","34"
"MKD","","ALL","2003","95"
"KAZ","","ALL","1998","99"
"LVA","","ALL","2014","92"
"BIH","","ALL","2000","93"
"EST","","ALL","2002","99"
"TJK","","ALL","2008","89"
"TKM","","ALL","2007","99"
"KGZ","","ALL","2009","98"
"MLT","","ALL","2016","87"
"","WHO_EURO","ALL","1991","77.00915239"
"BGR","","ALL","1985","99"
"TUR","","ALL","1982","47"
"GRC","","ALL","1991","90"
"TKM","","ALL","1992","97"
"","CARINFONET","ALL","1992","94.79592852"
"EST","","ALL","1989","99"
"EST","","ALL","1995","99"
"GRC","","ALL","1999","88"
"SRB","","ALL","1991","81"
"SRB","","ALL","1999","82"
"","CIS","ALL","2015","91.46693436"
"UKR","","ALL","1993","89"
"BLR","","ALL","1988","93"
"BLR","","ALL","1991","94"
"SWE","","ALL","2012","24"
"GEO","","ALL","1988","93"
"","EU_MEMBERS","ALL","1983","83.79908423"
"ARM","","ALL","2011","96"
"ARM","","ALL","2008","98"
"ALB","","ALL","1988","92"
"ALB","","ALL","1990","94"
"HUN","","ALL","1981","99"
"LVA","","ALL","1996","99"
"LTU","","ALL","2012","98"
"ARM","","ALL","2012","96"
"IRL","","ALL","1983","75"
"FIN","","ALL","1991","99"
"TJK","","ALL","1999","98"
"FIN","","ALL","1990","91"
"EST","","ALL","1998","99"
"","EU_AFTER_MAY2004","ALL","2010","96.32207936"
"IRL","","ALL","2010","96"
"TJK","","ALL","2007","83"
"","EU_AFTER_MAY2004","ALL","2007","96.49308013"
"RUS","","ALL","2000","96"
"","CARINFONET","ALL","2011","97.77237898"
"","EU_AFTER_MAY2004","ALL","2008","96.47884815"
"HUN","","ALL","2016","99"
"KGZ","","ALL","1991","96"
"ARM","","ALL","1997","72"
"MDA","","ALL","2016","97"
"FIN","","ALL","1994","99"
"PRT","","ALL","1981","74"
"LTU","","ALL","2006","99"
"ROU","","ALL","1991","99"
"FIN","","ALL","2000","99"
"FIN","","ALL","2007","97"
"ROU","","ALL","2008","99"
"ROU","","ALL","2009","99"
"PRT","","ALL","2015","32"
"HRV","","ALL","2008","99"
"KAZ","","ALL","2007","99"
"SWE","","ALL","1997","15"
"HRV","","ALL","1994","98"
"HRV","","ALL","1993","98"
"HRV","","ALL","1997","98"
"MDA","","ALL","2005","97"
"ARM","","ALL","2010","95"
"TJK","","ALL","1990","84"
"","WHO_EURO","ALL","2012","81.59397585"
"ALB","","ALL","2014","99"
"","WHO_EURO","ALL","2008","81.92777963"
"TJK","","ALL","1996","99"
"","CIS","ALL","2010","96.43749464"
"IRL","","ALL","1984","75"
"SWE","","ALL","1987","14"
"","CIS","ALL","2006","97.53281468"
"HUN","","ALL","2006","99"
"HUN","","ALL","1995","99"
"BIH","","ALL","2001","95"
"PRT","","ALL","1982","76"
"","EU_AFTER_MAY2004","ALL","2012","96.29854852"
"GEO","","ALL","2012","95"
"EST","","ALL","2006","99"
"LVA","","ALL","2011","93"
"MCO","","ALL","2003","90"
"KGZ","","ALL","2003","99"
"TKM","","ALL","2001","99"
"PRT","","ALL","2002","84"
"PRT","","ALL","1984","79"
"FIN","","ALL","1995","99"
"LVA","","ALL","2016","96"
"FIN","","ALL","1993","99"
"","CARINFONET","ALL","1993","90.97268047"
"BGR","","ALL","1984","99"
"TKM","","ALL","2003","99"
"LTU","","ALL","2004","99"
"BLR","","ALL","2005","99"
"GRC","","ALL","1997","70"
"TUR","","ALL","1987","34"
"","SEEHN","ALL","1986","86.17422929"
"SWE","","ALL","2016","26"
"SRB","","ALL","2016","98"
"LTU","","ALL","1989","94"
"","EU_MEMBERS","ALL","1991","68.30620393"
"","EU_MEMBERS","ALL","1995","69.16685677"
"","CARINFONET","ALL","2008","95.75023586"
"AZE","","ALL","1999","99"
"","CARINFONET","ALL","2007","96.49871979"
"TKM","","ALL","2006","99"
"DNK","","ALL","1981","95"
"LVA","","ALL","2004","98"
"ARM","","ALL","2015","99"
"LVA","","ALL","2008","95"
"","EU_MEMBERS","ALL","2007","68.43462269"
"","EU_AFTER_MAY2004","ALL","2004","96.86050654"
"","EU_MEMBERS","ALL","2006","70.07885917"
"MDA","","ALL","1995","95"
"","CIS","ALL","2009","95.88130795"
"TJK","","ALL","2004","97"
"MDA","","ALL","1989","91"
"SVK","","ALL","2006","98"
"SVK","","ALL","2008","98"
"SVK","","ALL","1994","98"
"SVK","","ALL","2009","97"
"SVK","","ALL","1998","93"
"PRT","","ALL","1988","86"
"HRV","","ALL","2015","98"
"EST","","ALL","1994","98"
"EST","","ALL","1984","96"
"KGZ","","ALL","2002","99"
"ARM","","ALL","1992","88"
"LTU","","ALL","2005","99"
"TKM","","ALL","2004","99"
"BGR","","ALL","1980","99"
"ARM","","ALL","2001","96"
"BGR","","ALL","1992","99"
"RUS","","ALL","2001","96"
"ROU","","ALL","1993","99"
"SRB","","ALL","1984","84"
"GRC","","ALL","2011","91"
"UKR","","ALL","1992","93"
"","CIS","ALL","2013","94.57573354"
"","CIS","ALL","2012","96.61699663"
"HRV","","ALL","1995","99"
"SVK","","ALL","2012","90"
"SWE","","ALL","2010","23"
"UZB","","ALL","1990","94"
"KAZ","","ALL","2010","96"
"ROU","","ALL","1996","99"
"ROU","","ALL","1994","99"
"","WHO_EURO","ALL","2013","81.00820919"
"EST","","ALL","2000","99"
"","EU_AFTER_MAY2004","ALL","2001","96.90580301"
"MDA","","ALL","1981","92"
"","CIS","ALL","2005","94.07216082"
"LTU","","ALL","2010","99"
"SWE","","ALL","1988","14"
"RUS","","ALL","1998","95"
"FIN","","ALL","1983","90"
"MCO","","ALL","1990","99"
"BGR","","ALL","1995","99"
"BGR","","ALL","2008","98"
"MCO","","ALL","1995","90"
"","EU_AFTER_MAY2004","ALL","2009","96.78183056"
"PRT","","ALL","1989","87"
"HUN","","ALL","1992","99"
"MDA","","ALL","1997","97"
"EST","","ALL","2007","98"
"KGZ","","ALL","1996","99"
"EST","","ALL","2003","99"
"RUS","","ALL","2006","97"
"GEO","","ALL","2013","95"
"MKD","","ALL","2015","94"
"PRT","","ALL","2008","98"
"TKM","","ALL","2008","99"
"TKM","","ALL","1990","91"
"BGR","","ALL","2002","98"
"FIN","","ALL","2006","98"
"ROU","","ALL","1990","90"
"LTU","","ALL","1996","98"
"POL","","ALL","2001","95"
"RUS","","ALL","2015","96"
"KAZ","","ALL","2005","69"
"RUS","","ALL","2016","96"
"SWE","","ALL","2008","23"
"HRV","","ALL","1991","97"
"HRV","","ALL","2011","99"
"TJK","","ALL","1992","88"
"TJK","","ALL","1998","98"
"TJK","","ALL","1997","99"
"LVA","","ALL","2003","97"
"LVA","","ALL","2005","97"
"","WHO_EURO","ALL","2007","84.84949653"
"","CIS","ALL","2004","94.68800132"
"","EU_MEMBERS","ALL","2005","69.37401427"
"SVK","","ALL","1993","97"
"EST","","ALL","2001","99"
"MDA","","ALL","2000","99"
"HUN","","ALL","2008","99"
"BIH","","ALL","1992","20"
"MCO","","ALL","1988","99"
"PRT","","ALL","2004","83"
"LVA","","ALL","2015","94"
"ARM","","ALL","2009","99"
"","CIS","ALL","2007","96.99462262"
"MKD","","ALL","2006","92"
"MCO","","ALL","1992","98"
"KAZ","","ALL","1994","86"
"KGZ","","ALL","2000","96"
"KGZ","","ALL","1992","97"
"TKM","","ALL","1999","99"
"TKM","","ALL","1996","93"
"MKD","","ALL","2011","94"
"TKM","","ALL","1994","97"
"","CARINFONET","ALL","1990","91.05448873"
"EST","","ALL","1986","96"
"BGR","","ALL","2013","97"
"","CARINFONET","ALL","1994","92.62337151"
"GRC","","ALL","1995","50"
"GRC","","ALL","1996","70"
"GEO","","ALL","1997","76"
"TKM","","ALL","2016","99"
"LTU","","ALL","1995","97"
"ROU","","ALL","2013","99"
"","CARINFONET","ALL","2006","98.24526263"
"","EU_MEMBERS","ALL","1992","68.08842918"
"LTU","","ALL","1990","94"
"AZE","","ALL","2006","99"
"AZE","","ALL","2000","98"
"ROU","","ALL","2007","99"
"KGZ","","ALL","2008","99"
"TJK","","ALL","1995","96"
"LVA","","ALL","2006","95"
"","EU_MEMBERS","ALL","2004","70.00761633"
"MDA","","ALL","1991","98"
"HUN","","ALL","2012","99"
"AZE","","ALL","1995","93"
"KGZ","","ALL","1999","99"
"EST","","ALL","1985","97"
"MKD","","ALL","1993","95"
"TUR","","ALL","2009","96"
"BGR","","ALL","2009","98"
"KGZ","","ALL","1995","96"
"BGR","","ALL","1994","98"
"MKD","","ALL","2004","94"
"HUN","","ALL","1991","99"
"MDA","","ALL","1988","96"
"EST","","ALL","1992","98"
"","CIS","ALL","1997","95.26242973"
"BIH","","ALL","2015","95"
"ARM","","ALL","2013","99"
"KAZ","","ALL","2016","95"
"HRV","","ALL","2016","99"
"SVK","","ALL","1990","98"
"EST","","ALL","1980","96"
"PRT","","ALL","2000","82"
"","CARINFONET","ALL","1991","90.03053555"
"","EU_AFTER_MAY2004","ALL","2015","95.92846972"
"","CARINFONET","ALL","1995","95.96221031"
"EST","","ALL","1982","97"
"CZE","","ALL","2008","99"
"","SEEHN","ALL","1981","88.32539226"
"CZE","","ALL","2007","99"
"UZB","","ALL","2013","99"
"RUS","","ALL","2014","96"
"SVN","","ALL","1992","93"
"SWE","","ALL","2014","26"
"TJK","","ALL","2014","98"
"","EU_AFTER_MAY2004","ALL","1996","97.72196302"
"","EU_AFTER_MAY2004","ALL","1997","97.2455183"
"ROU","","ALL","2003","99"
"LVA","","ALL","2007","95"
"LTU","","ALL","2014","98"
"MDA","","ALL","1990","96"
"KGZ","","ALL","2007","98"
"GRC","","ALL","2009","91"
"","EU_AFTER_MAY2004","ALL","2002","97.11988419"
"SWE","","ALL","2013","27"
"HUN","","ALL","2005","99"
"UZB","","ALL","2012","99"
"ARM","","ALL","1991","86"
"TKM","","ALL","1993","94"
"","EU_AFTER_MAY2004","ALL","2013","95.96121581"
"PRT","","ALL","1985","82"
"","EU_AFTER_MAY2004","ALL","2005","96.61844249"
"KGZ","","ALL","2005","96"
"KGZ","","ALL","1997","97"
"KAZ","","ALL","1997","99"
"EST","","ALL","2016","95"
"NOR","","ALL","1991","95"
"PRT","","ALL","1987","78"
"MKD","","ALL","2009","98"
"HUN","","ALL","2000","99"
"HRV","","ALL","1992","92"
"EST","","ALL","1993","98"
"KAZ","","ALL","2015","95"
"TKM","","ALL","1997","97"
"EST","","ALL","1996","99"
"ARM","","ALL","1995","84"
"UZB","","ALL","2009","99"
"ROU","","ALL","1986","93"
"SRB","","ALL","2008","99"
"RUS","","ALL","2008","96"
"UKR","","ALL","1991","99"
"AZE","","ALL","2008","98"
"SWE","","ALL","2000","16"
"","WHO_EURO","ALL","2014","80.21230354"
"TJK","","ALL","2000","99"
"TJK","","ALL","1989","84"
"DNK","","ALL","1983","85"
"DNK","","ALL","1982","95"
"","CIS","ALL","1994","92.29046604"
"","WHO_EURO","ALL","2005","82.76353564"
"","CIS","ALL","1996","94.63835472"
"AZE","","ALL","1994","94"
"","CIS","ALL","2000","97.34610564"
"","CIS","ALL","2003","97.90768173"
"MDA","","ALL","2003","99"
"","EU_AFTER_MAY2004","ALL","2003","96.51043442"
"","WHO_EURO","ALL","2010","82.19188289"
"MDA","","ALL","2008","98"
"UZB","","ALL","2010","99"
"SVK","","ALL","2005","98"
"BGR","","ALL","1989","99"
"SVK","","ALL","2004","98"
"BGR","","ALL","1996","98"
"BGR","","ALL","1998","98"
"PRT","","ALL","2006","99"
"","CIS","ALL","2001","96.98285351"
"","EU_AFTER_MAY2004","ALL","2014","95.2659815"
"GEO","","ALL","2016","98"
"BLR","","ALL","2016","98"
"LTU","","ALL","1991","87"
"LTU","","ALL","1998","99"
"SVK","","ALL","1992","91"
"SRB","","ALL","2005","98"
"TKM","","ALL","1998","98"
"PRT","","ALL","1996","87"
"EST","","ALL","1983","97"
"ARM","","ALL","1996","82"
"GRC","","ALL","1994","50"
"FIN","","ALL","1986","80"
"LTU","","ALL","1986","99"
"ROU","","ALL","1989","90"
"RUS","","ALL","2010","96"
"","CIS","ALL","1999","97.48414845"
"","CARINFONET","ALL","2015","97.71992662"
"ARM","","ALL","2007","94"
"RUS","","ALL","1990","92"
"ARM","","ALL","2006","91"
"UZB","","ALL","1993","98"
"ROU","","ALL","1995","99"
"RUS","","ALL","1999","96"
"AZE","","ALL","2009","98"
"MDA","","ALL","1985","95"
"AZE","","ALL","1990","87"
"RUS","","ALL","1987","92"
"KGZ","","ALL","2001","99"
"SVK","","ALL","1991","90"
"ROU","","ALL","2010","99"
"EST","","ALL","2009","97"
"ARM","","ALL","2002","97"
"TUR","","ALL","2008","96"
"MDA","","ALL","2011","98"
"BGR","","ALL","1997","97"
"NOR","","ALL","2002","91"
"SVK","","ALL","2000","94"
"UZB","","ALL","2015","99"
"KGZ","","ALL","2004","99"
"NOR","","ALL","1997","98"
"SVK","","ALL","1999","96"
"LTU","","ALL","2003","99"
"AZE","","ALL","2001","99"
"POL","","ALL","2003","93"
"SVN","","ALL","1993","99"
"TUR","","ALL","2001","82"
"SVN","","ALL","2004","96"
"PRT","","ALL","1998","88"
"EST","","ALL","1990","98"
"ROU","","ALL","2000","99"
"POL","","ALL","2011","94"
"FIN","","ALL","2004","98"
"SRB","","ALL","1985","85"
"EST","","ALL","1988","99"
"RUS","","ALL","1989","92"
"SVK","","ALL","2002","98"
"HUN","","ALL","2007","99"
"UKR","","ALL","2012","95"
"BGR","","ALL","2012","97"
"TKM","","ALL","1991","96"
"DNK","","ALL","1984","85"
"KGZ","","ALL","2015","97"
"KGZ","","ALL","2010","98"
"LTU","","ALL","2015","97"
"KGZ","","ALL","1998","94"
"GRC","","ALL","1983","56"
"TUR","","ALL","2014","95"
"NOR","","ALL","1992","99"
"","CARINFONET","ALL","1996","95.81129908"
"LTU","","ALL","1999","99"
"ROU","","ALL","2016","96"
"SWE","","ALL","1995","14"
"TJK","","ALL","2002","98"
"TUR","","ALL","2007","94"
"MCO","","ALL","1989","99"
"TUR","","ALL","2006","88"
"HUN","","ALL","1999","99"
"MDA","","ALL","2002","99"
"AZE","","ALL","2005","98"
"","CIS","ALL","1990","91.21665087"
"FIN","","ALL","2003","98"
"GRC","","ALL","2007","91"
"TKM","","ALL","2010","99"
"ALB","","ALL","1983","90"
"AZE","","ALL","2016","98"
"","CIS","ALL","2002","97.9222018"
"TJK","","ALL","2001","97"
"","CARINFONET","ALL","2003","99"
"CZE","","ALL","2004","99"
"EST","","ALL","1987","98"
"TUR","","ALL","2013","96"
"AZE","","ALL","2002","99"
"AZE","","ALL","1992","86"
"","WHO_EURO","ALL","2006","84.47386647"
"BGR","","ALL","1986","99"
"POL","","ALL","1996","97"
"ROU","","ALL","2014","98"
"ROU","","ALL","2015","98"
"GEO","","ALL","1992","67"
"TUR","","ALL","2011","96"
"","WHO_EURO","ALL","2015","79.06295075"
"AZE","","ALL","2011","99"
"","WHO_EURO","ALL","2004","81.96469443"
"","CIS","ALL","1995","94.02767929"
"RUS","","ALL","1988","92"
"KAZ","","ALL","1992","90"
"NOR","","ALL","2001","92"
"","CARINFONET","ALL","1998","97.35799938"
"EST","","ALL","1981","96"
"","CIS","ALL","1998","96.32845433"
"RUS","","ALL","2002","97"
"ISR","","ALL","1980","75"
"","CARINFONET","ALL","2005","88.87955369"
"ROU","","ALL","2005","98"
"SVN","","ALL","2002","97"
"NOR","","ALL","2010","88"
"BIH","","ALL","2016","97"
"BGR","","ALL","2000","98"
"PRT","","ALL","2005","89"
"FIN","","ALL","2005","98"
"AZE","","ALL","2004","99"
"ALB","","ALL","2016","99"
"","WHO_EURO","ALL","2011","81.62276319"
"RUS","","ALL","1997","93"
"","CARINFONET","ALL","1999","98.36219103"
"UKR","","ALL","2010","92"
"BGR","","ALL","2016","96"
"UZB","","ALL","2014","99"
"MDA","","ALL","1992","92"
"ROU","","ALL","2004","99"
"BGR","","ALL","2011","98"
"RUS","","ALL","2003","97"
"FIN","","ALL","1981","90"
"HUN","","ALL","1997","99"
"MDA","","ALL","1996","97"
"ROU","","ALL","1998","99"
"AZE","","ALL","2003","99"
"TKM","","ALL","2012","99"
"CZE","","ALL","2000","99"
"SWE","","ALL","1992","13"
"SRB","","ALL","2003","74"
"POL","","ALL","1999","96"
"BLR","","ALL","2011","99"
"LVA","","ALL","1992","93"
"KGZ","","ALL","2014","97"
"HUN","","ALL","2001","99"
"ROU","","ALL","2002","99"
"ROU","","ALL","1999","99"
"LVA","","ALL","1993","91"
"","EU_MEMBERS","ALL","2009","60.63431485"
"ROU","","ALL","2001","99"
"BLR","","ALL","1996","97"
"POL","","ALL","2000","96"
"TUR","","ALL","2010","97"
"CHE","","ALL","2001","21"
"SWE","","ALL","1980","3"
"BGR","","ALL","1987","99"
"ALB","","ALL","1999","93"
"KGZ","","ALL","1994","97"
"","EU_AFTER_MAY2004","ALL","2000","97.45964552"
"MDA","","ALL","1980","92"
"SVK","","ALL","2007","98"
"UZB","","ALL","2008","96"
"TKM","","ALL","2014","99"
"ROU","","ALL","1997","99"
"ROU","","ALL","1987","95"
"RUS","","ALL","2007","97"
"ALB","","ALL","2006","97"
"BLR","","ALL","2008","98"
"MDA","","ALL","1982","91"
"EST","","ALL","1997","99"
"HUN","","ALL","1993","99"
"POL","","ALL","1995","98"
"AZE","","ALL","1997","94"
"ALB","","ALL","2000","93"
"","EU_MEMBERS","ALL","2008","60.51299495"
"KAZ","","ALL","2004","65"
"ALB","","ALL","2015","99"
"PRT","","ALL","2012","99"
"FIN","","ALL","1982","90"
"SWE","","ALL","1994","13"
"","CARINFONET","ALL","2002","98.84355461"
"BLR","","ALL","2009","98"
"KGZ","","ALL","2012","98"
"","CIS","ALL","1993","89.21069495"
"ROU","","ALL","2006","99"
"KAZ","","ALL","1991","87"
"BLR","","ALL","1995","96"
"","EU_AFTER_MAY2004","ALL","1999","97.43673015"
"SRB","","ALL","1996","97"
"ALB","","ALL","2008","99"
"","WHO_EURO","ALL","1997","80.59346066"
"","NORDIC","ALL","1981","60.06040233"
"KGZ","","ALL","2006","99"
"BGR","","ALL","2001","98"
"SVN","","ALL","1994","99"
"HUN","","ALL","1996","99"
"","WHO_EURO","ALL","2009","82.04637282"
"BLR","","ALL","1999","99"
"","EU_MEMBERS","ALL","2011","58.94612821"
"TUR","","ALL","2004","79"
"SRB","","ALL","1997","96"
"KAZ","","ALL","1990","87"
"PRT","","ALL","2013","99"
"BLR","","ALL","1993","93"
"RUS","","ALL","1991","88"
"ROU","","ALL","2012","99"
"AZE","","ALL","1991","95"
"POL","","ALL","2009","94"
"CZE","","ALL","2003","99"
"UZB","","ALL","2006","99"
"GRC","","ALL","2008","91"
"","EU_AFTER_MAY2004","ALL","1998","97.28390255"
"TKM","","ALL","2013","99"
"CZE","","ALL","2005","99"
"TJK","","ALL","2015","98"
"TJK","","ALL","2012","97"
"POL","","ALL","1983","95"
"","NORDIC","ALL","2009","64.99568141"
"","WHO_EURO","ALL","1990","74.05222019"
"BLR","","ALL","1994","94"
"SVN","","ALL","1995","99"
"BLR","","ALL","1990","91"
"POL","","ALL","1997","96"
"","WHO_EURO","ALL","2002","82.91421499"
"KAZ","","ALL","2003","99"
"","WHO_EURO","ALL","2003","82.33049303"
"GEO","","ALL","1986","94"
"SWE","","ALL","1981","4"
"","WHO_EURO","ALL","2001","82.89084317"
"KAZ","","ALL","1996","93"
"ALB","","ALL","2004","97"
"ROU","","ALL","1992","99"
"KAZ","","ALL","2013","95"
"ARM","","ALL","2016","99"
"CZE","","ALL","1998","98"
"SWE","","ALL","2009","21"
"","CARINFONET","ALL","1997","97.67138207"
"SVK","","ALL","2010","98"
"TUR","","ALL","2002","77"
"MNE","","ALL","2011","97"
"SWE","","ALL","2001","16"
"SRB","","ALL","1981","99"
"SRB","","ALL","1987","87"
"TUR","","ALL","2003","76"
"SRB","","ALL","1994","71"
"HRV","","ALL","2013","99"
"","NORDIC","ALL","1991","61.1080535"
"BGR","","ALL","1999","99"
"ALB","","ALL","2009","97"
"","NORDIC","ALL","2008","66.04969324"
"POL","","ALL","2006","94"
"MNE","","ALL","2008","98"
"KAZ","","ALL","1995","90"
"TUR","","ALL","2005","88"
"","NORDIC","ALL","2001","66.01522444"
"SWE","","ALL","2002","16"
"ALB","","ALL","1985","92"
"","CARINFONET","ALL","2004","90.83246438"
"ALB","","ALL","2003","95"
"TJK","","ALL","2013","98"
"CZE","","ALL","2001","98"
"POL","","ALL","2004","94"
"POL","","ALL","2007","93"
"","CARINFONET","ALL","2001","97.40227607"
"","CARINFONET","ALL","2000","98.0606985"
"SRB","","ALL","1995","71"
"SVN","","ALL","2003","97"
"","NORDIC","ALL","2007","65.99115663"
"RUS","","ALL","1986","91"
"","NORDIC","ALL","1982","61.35169758"
"POL","","ALL","2002","95"
"POL","","ALL","1993","95"
"","CIS","ALL","1991","90.877248"
"TKM","","ALL","2015","99"
"","NORDIC","ALL","1997","67.99013752"
"ALB","","ALL","2001","93"
"","NORDIC","ALL","1992","62.72846818"
"MNE","","ALL","2009","95"
"AZE","","ALL","2007","98"
"POL","","ALL","1990","97"
"POL","","ALL","1994","94"
"","NORDIC","ALL","1983","60.71857257"
"KAZ","","ALL","1993","86"
"LVA","","ALL","1994","95"
"SRB","","ALL","2007","98"
"IRL","","ALL","2012","80"
"","NORDIC","ALL","2006","65.40007477"
"SRB","","ALL","1986","84"
"KAZ","","ALL","1999","99"
"","CIS","ALL","2011","95.71814251"
"SWE","","ALL","2011","23"
"","NORDIC","ALL","2002","64.71643965"
"","CIS","ALL","1992","90.60506242"

"Last update","2017.09.14 09:58:36 GMT"
"Description","% of infants vaccinated against tuberculosis"
"Reference link","https://dw.euro.who.int/api/v3/measures/HFA_605?lang=En"

"Copyright"
"© WHO Regional Office for Europe 2018. All rights reserved.","http://www.euro.who.int/en/home/copyright-notice"
